Název;Cena;URL;Cena_cista;Dispozice;Plocha_m2;Lokalita
Pronájem bytu 1+kk 26 m²Lorencova, Zlín;1​0​ ​9​0​0​ ​K​č​/​m​ě​s​í​c​;https://www.sreality.cz/detail/pronajem/byt/1+kk/zlin-zlin-lorencova/1268953932;10900.0;1+kk;26.0;Lorencova, Zlín
Pronájem bytu 1+kk 31 m²J. A. Bati, Zlín;C​e​n​a​ ​n​a​ ​v​y​ž​á​d​á​n​í​;https://www.sreality.cz/detail/pronajem/byt/1+kk/zlin-zlin-j-a-bati/2892255820;;1+kk;31.0;J. A. Bati, Zlín
Pronájem bytu 1+kk 37 m²Zelinova, Zlín;1​1​ ​5​0​0​ ​K​č​/​m​ě​s​í​c​;https://www.sreality.cz/detail/pronajem/byt/1+kk/zlin-zlin-zelinova/602452812;11500.0;1+kk;37.0;Zelinova, Zlín
Pronájem bytu 1+kk 44 m²Osvobození, Slavičín;1​1​ ​0​0​0​ ​K​č​/​m​ě​s​í​c​;https://www.sreality.cz/detail/pronajem/byt/1+kk/slavicin-slavicin-osvobozeni/2048213580;11000.0;1+kk;44.0;Osvobození, Slavičín
Pronájem bytu 1+kk 30 m²Podlesí II, Zlín;1​0​ ​0​0​0​ ​K​č​/​m​ě​s​í​c​;https://www.sreality.cz/detail/pronajem/byt/1+kk/zlin-zlin-podlesi-ii/1535353676;10000.0;1+kk;30.0;Podlesí II, Zlín
Pronájem bytu 1+kk 38 m²Pod Křiby, Zlín;1​1​ ​0​0​0​ ​K​č​/​m​ě​s​í​c​;https://www.sreality.cz/detail/pronajem/byt/1+kk/zlin-zlin-pod-kriby/2290328396;11000.0;1+kk;38.0;Pod Křiby, Zlín
Pronájem bytu 1+kk 30 m²Leoše Janáčka, Luhačovice;1​0​ ​0​0​0​ ​K​č​/​m​ě​s​í​c​;https://www.sreality.cz/detail/pronajem/byt/1+kk/luhacovice-luhacovice-leose-janacka/3640889932;10000.0;1+kk;30.0;Leoše Janáčka, Luhačovice
Pronájem bytu 1+1 38 m²Dřevnická, Zlín;9​ ​4​0​0​ ​K​č​/​m​ě​s​í​c​;https://www.sreality.cz/detail/pronajem/byt/1+1/zlin-zlin-drevnicka/1731158604;9400.0;1+1;38.0;Dřevnická, Zlín
Pronájem bytu 2+1 44 m²Podlesí III, Zlín;1​5​ ​0​0​0​ ​K​č​/​m​ě​s​í​c​;https://www.sreality.cz/detail/pronajem/byt/2+1/zlin-zlin-podlesi-iii/2323755852;15000.0;2+1;44.0;Podlesí III, Zlín
Pronájem bytu 3+1 65 m²Zlín - Malenovice;1​8​ ​0​0​0​ ​K​č​/​m​ě​s​í​c​;https://www.sreality.cz/detail/pronajem/byt/3+1/zlin-malenovice-/3547222604;18000.0;3+1;65.0;Zlín - Malenovice
Pronájem bytu 3+1 68 m²K. Světlé, Zlín - Prštné;1​8​ ​0​0​0​ ​K​č​/​m​ě​s​í​c​;https://www.sreality.cz/detail/pronajem/byt/3+1/zlin-prstne-k-svetle/3373249356;18000.0;3+1;68.0;K. Světlé, Zlín - Prštné
Pronájem bytu 1+1 49 m²Zlín;1​3​ ​5​0​0​ ​K​č​/​m​ě​s​í​c​;https://www.sreality.cz/detail/pronajem/byt/1+1/zlin-zlin-/1976804172;13500.0;1+1;49.0;Zlín
Pronájem bytu 1+kk 25 m²Zlín;8​ ​5​0​0​ ​K​č​/​m​ě​s​í​c​;https://www.sreality.cz/detail/pronajem/byt/1+kk/zlin-zlin-/180593484;8500.0;1+kk;25.0;Zlín
Pronájem bytu 2+kk 43 m²Žerotínova, Napajedla;9​ ​0​0​0​ ​K​č​/​m​ě​s​í​c​;https://www.sreality.cz/detail/pronajem/byt/2+kk/napajedla-napajedla-zerotinova/3131024204;9000.0;2+kk;43.0;Žerotínova, Napajedla
Pronájem bytu 1+kk 30 m²Pasecká, Zlín;1​4​ ​9​0​0​ ​K​č​/​m​ě​s​í​c​;https://www.sreality.cz/detail/pronajem/byt/1+kk/zlin-zlin-pasecka/1258529612;14900.0;1+kk;30.0;Pasecká, Zlín
Pronájem bytu 2+1 56 m²Potoky, Zlín;1​2​ ​0​0​0​ ​K​č​/​m​ě​s​í​c​;https://www.sreality.cz/detail/pronajem/byt/2+1/zlin-zlin-potoky/1478427212;12000.0;2+1;56.0;Potoky, Zlín
Pronájem bytu 2+kk 55 m²Osvobození, Slavičín;1​3​ ​5​0​0​ ​K​č​/​m​ě​s​í​c​;https://www.sreality.cz/detail/pronajem/byt/2+kk/slavicin-slavicin-osvobozeni/755213132;13500.0;2+kk;55.0;Osvobození, Slavičín
Pronájem bytu 2+1 70 m²Svat. Čecha, Zlín - Prštné;9​ ​0​0​0​ ​K​č​/​m​ě​s​í​c​;https://www.sreality.cz/detail/pronajem/byt/2+1/zlin-prstne-svat-cecha/202089292;9000.0;2+1;70.0;Svat. Čecha, Zlín - Prštné
Pronájem bytu 1+kk 30 m²Ševcovská, Zlín;1​3​ ​0​0​0​ ​K​č​/​m​ě​s​í​c​;https://www.sreality.cz/detail/pronajem/byt/1+kk/zlin-zlin-sevcovska/1049576012;13000.0;1+kk;30.0;Ševcovská, Zlín
Pronájem bytu 3+1 70 m²Petrůvka;1​0​ ​0​0​0​ ​K​č​/​m​ě​s​í​c​;https://www.sreality.cz/detail/pronajem/byt/3+1/petruvka-petruvka-/2012049996;10000.0;3+1;70.0;Petrůvka
Pronájem bytu 2+1 64 m²Podlesí IV, Zlín;1​3​ ​0​0​0​ ​K​č​/​m​ě​s​í​c​;https://www.sreality.cz/detail/pronajem/byt/2+1/zlin-zlin-podlesi-iv/1228387148;13000.0;2+1;64.0;Podlesí IV, Zlín
Pronájem bytu 1+kk 26 m²Větrná, Zlín;8​ ​9​0​0​ ​K​č​/​m​ě​s​í​c​;https://www.sreality.cz/detail/pronajem/byt/1+kk/zlin-zlin-vetrna/2431017548;8900.0;1+kk;26.0;Větrná, Zlín
Pronájem bytu 3+1 72 m²2. května, Zlín;1​4​ ​5​0​0​ ​K​č​/​m​ě​s​í​c​;https://www.sreality.cz/detail/pronajem/byt/3+1/zlin-zlin-2-kvetna/4066616140;14500.0;3+1;72.0;2. května, Zlín
Pronájem bytu 2+1 57 m²Benešovo nábřeží, Zlín;8​ ​0​0​0​ ​K​č​/​m​ě​s​í​c​;https://www.sreality.cz/detail/pronajem/byt/2+1/zlin-zlin-benesovo-nabrezi/1408017228;8000.0;2+1;57.0;Benešovo nábřeží, Zlín
Pronájem bytu 2+kk 53 m²Voženílkova, Zlín;1​5​ ​0​0​0​ ​K​č​/​m​ě​s​í​c​;https://www.sreality.cz/detail/pronajem/byt/2+kk/zlin-zlin-vozenilkova/3128377932;15000.0;2+kk;53.0;Voženílkova, Zlín
Pronájem bytu 1+kk 22 m²Pančava, Zlín - Příluky;9​ ​5​0​0​ ​K​č​/​m​ě​s​í​c​;https://www.sreality.cz/detail/pronajem/byt/1+kk/zlin-priluky-pancava/4211225164;9500.0;1+kk;22.0;Pančava, Zlín - Příluky
Pronájem bytu 2+1 60 m²Slunečná, Zlín;1​1​ ​5​0​0​ ​K​č​/​m​ě​s​í​c​;https://www.sreality.cz/detail/pronajem/byt/2+1/zlin-zlin-slunecna/884826700;11500.0;2+1;60.0;Slunečná, Zlín
Pronájem bytu 3+kk 46 m²Pančava, Zlín - Příluky;1​8​ ​0​0​0​ ​K​č​/​m​ě​s​í​c​;https://www.sreality.cz/detail/pronajem/byt/3+kk/zlin-priluky-pancava/2810987084;18000.0;3+kk;46.0;Pančava, Zlín - Příluky
Pronájem bytu 3+1 60 m²Vysoká, Zlín;1​8​ ​6​0​0​ ​K​č​/​m​ě​s​í​c​;https://www.sreality.cz/detail/pronajem/byt/3+1/zlin-zlin-vysoka/1976083276;18600.0;3+1;60.0;Vysoká, Zlín
Pronájem bytu 1+kk 33 m²Družstevní, Zlín;9​ ​5​0​0​ ​K​č​/​m​ě​s​í​c​;https://www.sreality.cz/detail/pronajem/byt/1+kk/zlin-zlin-druzstevni/3911410252;9500.0;1+kk;33.0;Družstevní, Zlín
Pronájem bytu 1+kk 30 m²Ševcovská, Zlín;1​2​ ​9​0​0​ ​K​č​/​m​ě​s​í​c​;https://www.sreality.cz/detail/pronajem/byt/1+kk/zlin-zlin-sevcovska/1882956620;12900.0;1+kk;30.0;Ševcovská, Zlín
Pronájem bytu 1+kk 32 m²L. Váchy, Zlín - Prštné;1​0​ ​9​0​0​ ​K​č​/​m​ě​s​í​c​;https://www.sreality.cz/detail/pronajem/byt/1+kk/zlin-prstne-l-vachy/4180255564;10900.0;1+kk;32.0;L. Váchy, Zlín - Prštné
Pronájem bytu 1+kk 27 m²Nad Stráněmi, Zlín;8​ ​4​6​0​ ​K​č​/​m​ě​s​í​c​;https://www.sreality.cz/detail/pronajem/byt/1+kk/zlin-zlin-nad-stranemi/2658030156;8460.0;1+kk;27.0;Nad Stráněmi, Zlín
Pronájem bytu 2+1 45 m²Na Honech II, Zlín;1​4​ ​0​0​0​ ​K​č​/​m​ě​s​í​c​;https://www.sreality.cz/detail/pronajem/byt/2+1/zlin-zlin-na-honech-ii/2427994700;14000.0;2+1;45.0;Na Honech II, Zlín
Pronájem bytu 2+kk 41 m²J. A. Bati, Zlín;1​3​ ​5​0​0​ ​K​č​/​m​ě​s​í​c​;https://www.sreality.cz/detail/pronajem/byt/2+kk/zlin-zlin-j-a-bati/1936499532;13500.0;2+kk;41.0;J. A. Bati, Zlín
Pronájem bytu 4+kk 113 m²Havlíčkovo nábřeží, Zlín;3​0​ ​0​0​0​ ​K​č​/​m​ě​s​í​c​;https://www.sreality.cz/detail/pronajem/byt/4+kk/zlin-zlin-havlickovo-nabrezi/2023596876;30000.0;4+kk;113.0;Havlíčkovo nábřeží, Zlín
Pronájem bytu 1+1 33 m²Nábřeží, Napajedla;8​ ​0​0​0​ ​K​č​/​m​ě​s​í​c​;https://www.sreality.cz/detail/pronajem/byt/1+1/napajedla-napajedla-nabrezi/1684976460;8000.0;1+1;33.0;Nábřeží, Napajedla
Pronájem bytu 2+1 57 m²Václavská, Zlín - Kudlov;1​2​ ​0​0​0​ ​K​č​/​m​ě​s​í​c​;https://www.sreality.cz/detail/pronajem/byt/2+1/zlin-kudlov-vaclavska/1154065228;12000.0;2+1;57.0;Václavská, Zlín - Kudlov
Pronájem bytu 2+1 65 m²Benešovo nábřeží, Zlín;1​1​ ​0​0​0​ ​K​č​/​m​ě​s​í​c​;https://www.sreality.cz/detail/pronajem/byt/2+1/zlin-zlin-benesovo-nabrezi/700162892;11000.0;2+1;65.0;Benešovo nábřeží, Zlín
Pronájem bytu 2+kk 38 m²Pod Křiby, Zlín;1​5​ ​0​0​0​ ​K​č​/​m​ě​s​í​c​;https://www.sreality.cz/detail/pronajem/byt/2+kk/zlin-zlin-pod-kriby/3234702156;15000.0;2+kk;38.0;Pod Křiby, Zlín
Pronájem bytu 2+1 57 m²Mokrá I, Zlín - Mladcová;1​0​ ​0​0​0​ ​K​č​/​m​ě​s​í​c​;https://www.sreality.cz/detail/pronajem/byt/2+1/zlin-mladcova-mokra-i/367895372;10000.0;2+1;57.0;Mokrá I, Zlín - Mladcová
Pronájem bytu 2+kk 56 m²Moravní, Otrokovice;2​0​ ​9​9​0​ ​K​č​/​m​ě​s​í​c​;https://www.sreality.cz/detail/pronajem/byt/2+kk/otrokovice-otrokovice-moravni/2939503180;20990.0;2+kk;56.0;Moravní, Otrokovice
Pronájem bytu 1+kk 32 m²Moravní, Otrokovice;1​4​ ​0​0​0​ ​K​č​/​m​ě​s​í​c​;https://www.sreality.cz/detail/pronajem/byt/1+kk/otrokovice-otrokovice-moravni/4281680460;14000.0;1+kk;32.0;Moravní, Otrokovice
Pronájem bytu 2+1 72 m²náměstí Míru, Fryšták;1​2​ ​0​0​0​ ​K​č​/​m​ě​s​í​c​;https://www.sreality.cz/detail/pronajem/byt/2+1/frystak-frystak-namesti-miru/1362993996;12000.0;2+1;72.0;náměstí Míru, Fryšták
Pronájem bytu 1+1 18 m²Zadní luhy, Zlín - Louky;1​0​ ​0​0​0​ ​K​č​/​m​ě​s​í​c​;https://www.sreality.cz/detail/pronajem/byt/1+1/zlin-louky-zadni-luhy/3514671948;10000.0;1+1;18.0;Zadní luhy, Zlín - Louky
Pronájem bytu 1+kk 22 m²Štefánikova, Zlín;1​1​ ​9​0​0​ ​K​č​/​m​ě​s​í​c​;https://www.sreality.cz/detail/pronajem/byt/1+kk/zlin-zlin-stefanikova/795714380;11900.0;1+kk;22.0;Štefánikova, Zlín
Pronájem bytu 2+1 80 m²Bartošova, Zlín;1​5​ ​5​0​0​ ​K​č​/​m​ě​s​í​c​;https://www.sreality.cz/detail/pronajem/byt/2+1/zlin-zlin-bartosova/3059696204;15500.0;2+1;80.0;Bartošova, Zlín
Pronájem bytu 2+1 53 m²Sokolská, Zlín;1​5​ ​0​0​0​ ​K​č​/​m​ě​s​í​c​;https://www.sreality.cz/detail/pronajem/byt/2+1/zlin-zlin-sokolska/3348013900;15000.0;2+1;53.0;Sokolská, Zlín
Pronájem bytu 1+kk 40 m²Spojovací, Otrokovice - Kvítkovice;1​2​ ​5​0​0​ ​K​č​/​m​ě​s​í​c​;https://www.sreality.cz/detail/pronajem/byt/1+kk/otrokovice-kvitkovice-spojovaci/3115230028;12500.0;1+kk;40.0;Spojovací, Otrokovice - Kvítkovice
Pronájem bytu 3+1 66 m²Na Honech III, Zlín;1​6​ ​5​0​0​ ​K​č​/​m​ě​s​í​c​;https://www.sreality.cz/detail/pronajem/byt/3+1/zlin-zlin-na-honech-iii/2923340620;16500.0;3+1;66.0;Na Honech III, Zlín
Pronájem bytu 1+kk 37 m²Zelinova, Zlín;1​2​ ​5​0​0​ ​K​č​/​m​ě​s​í​c​;https://www.sreality.cz/detail/pronajem/byt/1+kk/zlin-zlin-zelinova/544121676;12500.0;1+kk;37.0;Zelinova, Zlín
Pronájem bytu 1+1 36 m²Díly III, Zlín;1​2​ ​0​0​0​ ​K​č​/​m​ě​s​í​c​;https://www.sreality.cz/detail/pronajem/byt/1+1/zlin-zlin-dily-iii/1013514076;12000.0;1+1;36.0;Díly III, Zlín
Pronájem bytu pokoje 20 m²Březnice;7​ ​5​0​0​ ​K​č​/​m​ě​s​í​c​;https://www.sreality.cz/detail/pronajem/byt/pokoj/breznice-breznice-/4267840588;7500.0;;20.0;Březnice
Pronájem bytu 2+kk 36 m²Pasecká, Zlín;1​2​ ​5​0​0​ ​K​č​/​m​ě​s​í​c​;https://www.sreality.cz/detail/pronajem/byt/2+kk/zlin-zlin-pasecka/953279820;12500.0;2+kk;36.0;Pasecká, Zlín
Pronájem bytu pokoje 35 m²Tyršovo nábřeží, Zlín;5​ ​5​0​0​ ​K​č​/​m​ě​s​í​c​;https://www.sreality.cz/detail/pronajem/byt/pokoj/zlin-zlin-tyrsovo-nabrezi/1278517836;5500.0;;35.0;Tyršovo nábřeží, Zlín
Pronájem bytu 1+1 44 m²Zlín - Mladcová;1​1​ ​0​0​0​ ​K​č​/​m​ě​s​í​c​;https://www.sreality.cz/detail/pronajem/byt/1+1/zlin-mladcova-/1192928076;11000.0;1+1;44.0;Zlín - Mladcová
Pronájem bytu 2+1 65 m²Zlín - Lhotka;1​2​ ​5​0​0​ ​K​č​/​m​ě​s​í​c​;https://www.sreality.cz/detail/pronajem/byt/2+1/zlin-lhotka-/931312460;12500.0;2+1;65.0;Zlín - Lhotka
Pronájem bytu 2+1 70 m²Růžová, Zlín;1​8​ ​0​0​0​ ​K​č​/​m​ě​s​í​c​;https://www.sreality.cz/detail/pronajem/byt/2+1/zlin-zlin-ruzova/1069523788;18000.0;2+1;70.0;Růžová, Zlín
Pronájem bytu 1+1 31 m²Dlouhá, Zlín;8​ ​9​0​0​ ​K​č​/​m​ě​s​í​c​;https://www.sreality.cz/detail/pronajem/byt/1+1/zlin-zlin-dlouha/2900337484;8900.0;1+1;31.0;Dlouhá, Zlín
Pronájem bytu 1+1 36 m²Podlesí IV, Zlín;8​ ​9​0​0​ ​K​č​/​m​ě​s​í​c​;https://www.sreality.cz/detail/pronajem/byt/1+1/zlin-zlin-podlesi-iv/2749342540;8900.0;1+1;36.0;Podlesí IV, Zlín
Pronájem bytu 3+kk 63 m²Kotěrova, Zlín;1​3​ ​0​0​0​ ​K​č​/​m​ě​s​í​c​;https://www.sreality.cz/detail/pronajem/byt/3+kk/zlin-zlin-koterova/536847180;13000.0;3+kk;63.0;Kotěrova, Zlín
Pronájem bytu 2+kk 55 m²Sokolovská, Zlín - Malenovice;1​5​ ​9​0​0​ ​K​č​/​m​ě​s​í​c​;https://www.sreality.cz/detail/pronajem/byt/2+kk/zlin-malenovice-sokolovska/4068451148;15900.0;2+kk;55.0;Sokolovská, Zlín - Malenovice
Pronájem bytu 1+kk 25 m²Svat. Čecha, Zlín - Prštné;8​ ​4​0​0​ ​K​č​/​m​ě​s​í​c​;https://www.sreality.cz/detail/pronajem/byt/1+kk/zlin-prstne-svat-cecha/1133032268;8400.0;1+kk;25.0;Svat. Čecha, Zlín - Prštné
Pronájem bytu 4+1 75 m²Středová, Zlín;18 000 Kč;https://www.sreality.cz/detail/pronajem/byt/4+1/zlin-zlin-stredova/1550058060;18000.0;4+1;75.0;Středová, Zlín
Pronájem bytu 2+1 48 m²Husova, Zlín - Malenovice;1​0​ ​2​0​0​ ​K​č​/​m​ě​s​í​c​;https://www.sreality.cz/detail/pronajem/byt/2+1/zlin-malenovice-husova/946164300;10200.0;2+1;48.0;Husova, Zlín - Malenovice
Pronájem bytu 2+kk 58 m²Podlesí V, Zlín;1​2​ ​5​0​0​ ​K​č​/​m​ě​s​í​c​;https://www.sreality.cz/detail/pronajem/byt/2+kk/zlin-zlin-podlesi-v/3971523404;12500.0;2+kk;58.0;Podlesí V, Zlín
Pronájem bytu 2+1 65 m²tř. Osvobození, Otrokovice;1​1​ ​0​0​0​ ​K​č​/​m​ě​s​í​c​;https://www.sreality.cz/detail/pronajem/byt/2+1/otrokovice-otrokovice-tr-osvobozeni/4002570828;11000.0;2+1;65.0;tř. Osvobození, Otrokovice
Pronájem bytu 2+1 56 m²čtvrť A. Háby, Vizovice;1​1​ ​5​0​0​ ​K​č​/​m​ě​s​í​c​;https://www.sreality.cz/detail/pronajem/byt/2+1/vizovice-vizovice-ctvrt-a-haby/2712908620;11500.0;2+1;56.0;čtvrť A. Háby, Vizovice
Pronájem bytu 3+1 65 m²Hlavní, Otrokovice - Kvítkovice;1​2​ ​5​0​0​ ​K​č​/​m​ě​s​í​c​;https://www.sreality.cz/detail/pronajem/byt/3+1/otrokovice-kvitkovice-hlavni/3048452940;12500.0;3+1;65.0;Hlavní, Otrokovice - Kvítkovice
Pronájem bytu 2+1 56 m²Nádražní, Otrokovice;1​2​ ​0​0​0​ ​K​č​/​m​ě​s​í​c​;https://www.sreality.cz/detail/pronajem/byt/2+1/otrokovice-otrokovice-nadrazni/2277090124;12000.0;2+1;56.0;Nádražní, Otrokovice
Pronájem bytu 1+kk 28 m²Boněcký rybník, Zlín - Příluky;1​5​ ​0​0​0​ ​K​č​/​m​ě​s​í​c​;https://www.sreality.cz/detail/pronajem/byt/1+kk/zlin-priluky-bonecky-rybnik/3745096524;15000.0;1+kk;28.0;Boněcký rybník, Zlín - Příluky
Pronájem bytu 1+kk 30 m²J. Jabůrkové, Otrokovice;1​0​ ​0​0​0​ ​K​č​/​m​ě​s​í​c​;https://www.sreality.cz/detail/pronajem/byt/1+kk/otrokovice-otrokovice-j-jaburkove/506045260;10000.0;1+kk;30.0;J. Jabůrkové, Otrokovice
Pronájem bytu 3+1 73 m²Svobodova, Otrokovice;1​9​ ​5​0​0​ ​K​č​/​m​ě​s​í​c​;https://www.sreality.cz/detail/pronajem/byt/3+1/otrokovice-otrokovice-svobodova/3727270732;19500.0;3+1;73.0;Svobodova, Otrokovice
Pronájem bytu 2+1 54 m²Bratří Jaroňků, Zlín;1​2​ ​5​0​0​ ​K​č​/​m​ě​s​í​c​;https://www.sreality.cz/detail/pronajem/byt/2+1/zlin-zlin-bratri-jaronku/2104075084;12500.0;2+1;54.0;Bratří Jaroňků, Zlín
Pronájem bytu 1+kk 30 m²Kúty, Zlín;1​2​ ​0​0​0​ ​K​č​/​m​ě​s​í​c​;https://www.sreality.cz/detail/pronajem/byt/1+kk/zlin-zlin-kuty/53625420;12000.0;1+kk;30.0;Kúty, Zlín
Pronájem bytu 1+1 36 m²Potoky, Zlín;1​2​ ​5​0​0​ ​K​č​/​m​ě​s​í​c​;https://www.sreality.cz/detail/pronajem/byt/1+1/zlin-zlin-potoky/3362869836;12500.0;1+1;36.0;Potoky, Zlín
Pronájem bytu 2+1 49 m²Lidická, Otrokovice - Kvítkovice;1​1​ ​0​0​0​ ​K​č​/​m​ě​s​í​c​;https://www.sreality.cz/detail/pronajem/byt/2+1/otrokovice-kvitkovice-lidicka/2633671500;11000.0;2+1;49.0;Lidická, Otrokovice - Kvítkovice
Pronájem bytu 3+kk 63 m²Komenského, Fryšták - Horní Ves;1​5​ ​0​0​0​ ​K​č​/​m​ě​s​í​c​;https://www.sreality.cz/detail/pronajem/byt/3+kk/frystak-horni-ves-komenskeho/4162495308;15000.0;3+kk;63.0;Komenského, Fryšták - Horní Ves
Pronájem bytu 3+kk 80 m²Obeciny, Zlín;1​5​ ​0​0​0​ ​K​č​/​m​ě​s​í​c​;https://www.sreality.cz/detail/pronajem/byt/3+kk/zlin-zlin-obeciny/3256525644;15000.0;3+kk;80.0;Obeciny, Zlín
Pronájem bytu 3+1 63 m²Husova, Zlín - Malenovice;1​7​ ​4​9​0​ ​K​č​/​m​ě​s​í​c​;https://www.sreality.cz/detail/pronajem/byt/3+1/zlin-malenovice-husova/1862968140;17490.0;3+1;63.0;Husova, Zlín - Malenovice
Pronájem bytu 2+kk 70 m²Nebeská, Zlín - Příluky;1​9​ ​8​0​0​ ​K​č​/​m​ě​s​í​c​;https://www.sreality.cz/detail/pronajem/byt/2+kk/zlin-priluky-nebeska/2857018188;19800.0;2+kk;70.0;Nebeská, Zlín - Příluky
Pronájem bytu 1+kk 38 m²Březnická, Zlín;1​0​ ​0​0​0​ ​K​č​/​m​ě​s​í​c​;https://www.sreality.cz/detail/pronajem/byt/1+kk/zlin-zlin-breznicka/2228634188;10000.0;1+kk;38.0;Březnická, Zlín
Pronájem bytu 3+kk 61 m²Sazovice;1​7​ ​0​0​0​ ​K​č​/​m​ě​s​í​c​;https://www.sreality.cz/detail/pronajem/byt/3+kk/sazovice-sazovice-/808739404;17000.0;3+kk;61.0;Sazovice
Pronájem bytu 2+kk 56 m²Podlesí V, Zlín;1​7​ ​0​0​0​ ​K​č​/​m​ě​s​í​c​;https://www.sreality.cz/detail/pronajem/byt/2+kk/zlin-zlin-podlesi-v/2449187660;17000.0;2+kk;56.0;Podlesí V, Zlín
Pronájem bytu 1+1 29 m²Díly IV, Zlín;1​2​ ​0​0​0​ ​K​č​/​m​ě​s​í​c​;https://www.sreality.cz/detail/pronajem/byt/1+1/zlin-zlin-dily-iv/4028343116;12000.0;1+1;29.0;Díly IV, Zlín
Pronájem bytu 2+1 55 m²Cihlářská, Zlín;1​6​ ​5​0​0​ ​K​č​/​m​ě​s​í​c​;https://www.sreality.cz/detail/pronajem/byt/2+1/zlin-zlin-cihlarska/3188433740;16500.0;2+1;55.0;Cihlářská, Zlín
Pronájem bytu 3+1 78 m²Benešovo nábřeží, Zlín;1​3​ ​0​0​0​ ​K​č​/​m​ě​s​í​c​;https://www.sreality.cz/detail/pronajem/byt/3+1/zlin-zlin-benesovo-nabrezi/3850085196;13000.0;3+1;78.0;Benešovo nábřeží, Zlín
Pronájem bytu 3+1 62 m²třída Tomáše Bati, Zlín;15 400 Kč;https://www.sreality.cz/detail/pronajem/byt/3+1/zlin-zlin-trida-tomase-bati/3781927756;15400.0;3+1;62.0;třída Tomáše Bati, Zlín
Pronájem bytu 1+kk 24 m²Masarykovo náměstí, Valašské Klobouky;1​0​ ​6​7​0​ ​K​č​/​m​ě​s​í​c​;https://www.sreality.cz/detail/pronajem/byt/1+kk/valasske-klobouky-valasske-klobouky-masarykovo-namesti/1645978444;10670.0;1+kk;24.0;Masarykovo náměstí, Valašské Klobouky
Pronájem bytu 1+1 24 m²U Zimního stadionu, Zlín;8​ ​7​6​8​ ​K​č​/​m​ě​s​í​c​;https://www.sreality.cz/detail/pronajem/byt/1+1/zlin-zlin-u-zimniho-stadionu/3306468172;8768.0;1+1;24.0;U Zimního stadionu, Zlín
Pronájem bytu 3+1 110 m²Příkrá, Zlín;1​7​ ​0​0​0​ ​K​č​/​m​ě​s​í​c​;https://www.sreality.cz/detail/pronajem/byt/3+1/zlin-zlin-prikra/3492066124;17000.0;3+1;110.0;Příkrá, Zlín
Pronájem bytu 2+kk 40 m²Jiráskova, Zlín - Prštné;1​4​ ​0​0​0​ ​K​č​/​m​ě​s​í​c​;https://www.sreality.cz/detail/pronajem/byt/2+kk/zlin-prstne-jiraskova/2002039628;14000.0;2+kk;40.0;Jiráskova, Zlín - Prštné
Pronájem bytu 3+1 92 m²U Trojáku, Zlín;1​6​ ​0​0​0​ ​K​č​/​m​ě​s​í​c​;https://www.sreality.cz/detail/pronajem/byt/3+1/zlin-zlin-u-trojaku/426029900;16000.0;3+1;92.0;U Trojáku, Zlín
Pronájem bytu 2+1 43 m²Štefánikova, Zlín;1​4​ ​0​0​0​ ​K​č​/​m​ě​s​í​c​;https://www.sreality.cz/detail/pronajem/byt/2+1/zlin-zlin-stefanikova/3309658700;14000.0;2+1;43.0;Štefánikova, Zlín
Pronájem bytu 1+1 33 m²Luční, Otrokovice - Kvítkovice;9​ ​6​5​0​ ​K​č​/​m​ě​s​í​c​;https://www.sreality.cz/detail/pronajem/byt/1+1/otrokovice-kvitkovice-lucni/3824530252;9650.0;1+1;33.0;Luční, Otrokovice - Kvítkovice
Pronájem bytu 2+kk 34 m²Křiby, Zlín;1​0​ ​0​0​0​ ​K​č​/​m​ě​s​í​c​;https://www.sreality.cz/detail/pronajem/byt/2+kk/zlin-zlin-kriby/2350232396;10000.0;2+kk;34.0;Křiby, Zlín
Pronájem bytu 1+kk 29 m²J. Valčíka, Otrokovice - Kvítkovice;1​0​ ​5​0​0​ ​K​č​/​m​ě​s​í​c​;https://www.sreality.cz/detail/pronajem/byt/1+kk/otrokovice-kvitkovice-j-valcika/4044731212;10500.0;1+kk;29.0;J. Valčíka, Otrokovice - Kvítkovice
Pronájem bytu 3+kk 65 m²Mostní, Zlín;1​2​ ​0​0​0​ ​K​č​/​m​ě​s​í​c​;https://www.sreality.cz/detail/pronajem/byt/3+kk/zlin-zlin-mostni/2919609164;12000.0;3+kk;65.0;Mostní, Zlín
Pronájem bytu 3+kk 98 m²Na Honech I, Zlín;2​1​ ​7​0​0​ ​K​č​/​m​ě​s​í​c​;https://www.sreality.cz/detail/pronajem/byt/3+kk/zlin-zlin-na-honech-i/302363468;21700.0;3+kk;98.0;Na Honech I, Zlín
Pronájem bytu 3+kk 62 m²Komenského, Fryšták - Horní Ves;1​8​ ​0​0​0​ ​K​č​/​m​ě​s​í​c​;https://www.sreality.cz/detail/pronajem/byt/3+kk/frystak-horni-ves-komenskeho/2452992844;18000.0;3+kk;62.0;Komenského, Fryšták - Horní Ves
Pronájem bytu 1+kk 30 m²Masarykovo nám., Vizovice;1​1​ ​5​0​0​ ​K​č​/​m​ě​s​í​c​;https://www.sreality.cz/detail/pronajem/byt/1+kk/vizovice-vizovice-masarykovo-nam/2659627852;11500.0;1+kk;30.0;Masarykovo nám., Vizovice
Pronájem bytu 2+kk 80 m²Partyzánská, Zlín;2​3​ ​5​0​0​ ​K​č​/​m​ě​s​í​c​;https://www.sreality.cz/detail/pronajem/byt/2+kk/zlin-zlin-partyzanska/2913579852;23500.0;2+kk;80.0;Partyzánská, Zlín
Pronájem bytu 2+kk 48 m²Pasecká, Zlín;1​7​ ​5​0​0​ ​K​č​/​m​ě​s​í​c​;https://www.sreality.cz/detail/pronajem/byt/2+kk/zlin-zlin-pasecka/1124811340;17500.0;2+kk;48.0;Pasecká, Zlín
Pronájem bytu pokoje 35 m²Napajedelská, Otrokovice;9​ ​0​0​0​ ​K​č​/​m​ě​s​í​c​;https://www.sreality.cz/detail/pronajem/byt/pokoj/otrokovice-otrokovice-napajedelska/3607974476;9000.0;;35.0;Napajedelská, Otrokovice
Pronájem bytu 1+kk 20 m²Štefánikova, Zlín;1​1​ ​9​0​0​ ​K​č​/​m​ě​s​í​c​;https://www.sreality.cz/detail/pronajem/byt/1+kk/zlin-zlin-stefanikova/762589772;11900.0;1+kk;20.0;Štefánikova, Zlín
Pronájem bytu 1+kk 30 m²Hřebíčkova, Zlín - Malenovice;1​5​ ​0​0​0​ ​K​č​/​m​ě​s​í​c​;https://www.sreality.cz/detail/pronajem/byt/1+kk/zlin-malenovice-hrebickova/1864807244;15000.0;1+kk;30.0;Hřebíčkova, Zlín - Malenovice
Pronájem bytu 1+1 20 m²Zadní luhy, Zlín - Louky;1​0​ ​0​0​0​ ​K​č​/​m​ě​s​í​c​;https://www.sreality.cz/detail/pronajem/byt/1+1/zlin-louky-zadni-luhy/824423244;10000.0;1+1;20.0;Zadní luhy, Zlín - Louky
Pronájem bytu 1+kk 20 m²Vejvanovská, Zlín;1​1​ ​5​0​0​ ​K​č​/​m​ě​s​í​c​;https://www.sreality.cz/detail/pronajem/byt/1+kk/zlin-zlin-vejvanovska/757314380;11500.0;1+kk;20.0;Vejvanovská, Zlín
Pronájem bytu 1+kk 38 m²Spojovací, Otrokovice - Kvítkovice;14 500 Kč;https://www.sreality.cz/detail/pronajem/byt/1+kk/otrokovice-kvitkovice-spojovaci/3810964300;14500.0;1+kk;38.0;Spojovací, Otrokovice - Kvítkovice
Pronájem bytu 1+1 34 m²Štěpská, Vizovice;9​ ​2​0​0​ ​K​č​/​m​ě​s​í​c​;https://www.sreality.cz/detail/pronajem/byt/1+1/vizovice-vizovice-stepska/2686890828;9200.0;1+1;34.0;Štěpská, Vizovice
Pronájem bytu 2+kk 42 m²Zarámí, Zlín;1​2​ ​0​0​0​ ​K​č​/​m​ě​s​í​c​;https://www.sreality.cz/detail/pronajem/byt/2+kk/zlin-zlin-zarami/243774284;12000.0;2+kk;42.0;Zarámí, Zlín
Pronájem bytu 3+kk 80 m²Zarámí, Zlín;2​0​ ​0​0​0​ ​K​č​/​m​ě​s​í​c​;https://www.sreality.cz/detail/pronajem/byt/3+kk/zlin-zlin-zarami/1032303436;20000.0;3+kk;80.0;Zarámí, Zlín
Pronájem bytu atypický 93 m²Vejvanovská, Zlín;1​5​ ​5​0​0​ ​K​č​/​m​ě​s​í​c​;https://www.sreality.cz/detail/pronajem/byt/atypicky/zlin-zlin-vejvanovska/692564812;15500.0;;93.0;Vejvanovská, Zlín
Pronájem bytu 1+kk 30 m²Školní, Otrokovice;8​ ​9​0​0​ ​K​č​/​m​ě​s​í​c​;https://www.sreality.cz/detail/pronajem/byt/1+kk/otrokovice-otrokovice-skolni/2030089036;8900.0;1+kk;30.0;Školní, Otrokovice
Pronájem bytu 1+1 42 m²Nivy I, Zlín;15 900 Kč;https://www.sreality.cz/detail/pronajem/byt/1+1/zlin-zlin-nivy-i/2486219596;15900.0;1+1;42.0;Nivy I, Zlín
Pronájem bytu 2+1 35 m²Štefánikova, Zlín;1​4​ ​0​0​0​ ​K​č​/​m​ě​s​í​c​;https://www.sreality.cz/detail/pronajem/byt/2+1/zlin-zlin-stefanikova/1075884876;14000.0;2+1;35.0;Štefánikova, Zlín
Pronájem bytu 2+1 50 m²Dlouhá, Slavičín;1​2​ ​0​0​0​ ​K​č​/​m​ě​s​í​c​;https://www.sreality.cz/detail/pronajem/byt/2+1/slavicin-slavicin-dlouha/1811002188;12000.0;2+1;50.0;Dlouhá, Slavičín
Pronájem bytu 4+1 98 m²Zálešná II, Zlín;2​0​ ​4​0​0​ ​K​č​/​m​ě​s​í​c​;https://www.sreality.cz/detail/pronajem/byt/4+1/zlin-zlin-zalesna-ii/888320844;20400.0;4+1;98.0;Zálešná II, Zlín
Pronájem bytu 1+1 36 m²U Zahrádek, Slavičín;9​ ​0​0​0​ ​K​č​/​m​ě​s​í​c​;https://www.sreality.cz/detail/pronajem/byt/1+1/slavicin-slavicin-u-zahradek/487764812;9000.0;1+1;36.0;U Zahrádek, Slavičín
Pronájem bytu 1+kk 24 m²Štefánikova, Zlín;1​1​ ​9​0​0​ ​K​č​/​m​ě​s​í​c​;https://www.sreality.cz/detail/pronajem/byt/1+kk/zlin-zlin-stefanikova/2787291980;11900.0;1+kk;24.0;Štefánikova, Zlín
Pronájem bytu 1+kk 35 m²Otrokovice;1​1​ ​5​0​0​ ​K​č​/​m​ě​s​í​c​;https://www.sreality.cz/detail/pronajem/byt/1+kk/otrokovice-otrokovice-/568570700;11500.0;1+kk;35.0;Otrokovice
Pronájem bytu 1+kk 29 m²Na Honech I, Zlín;9​ ​5​0​0​ ​K​č​/​m​ě​s​í​c​;https://www.sreality.cz/detail/pronajem/byt/1+kk/zlin-zlin-na-honech-i/520336204;9500.0;1+kk;29.0;Na Honech I, Zlín
Pronájem bytu 3+kk 92 m²Václavská, Zlín;1​8​ ​9​0​0​ ​K​č​/​m​ě​s​í​c​;https://www.sreality.cz/detail/pronajem/byt/3+kk/zlin-zlin-vaclavska/1514386252;18900.0;3+kk;92.0;Václavská, Zlín
Pronájem bytu 3+kk 62 m²Věžové domy, Zlín;1​4​ ​0​0​0​ ​K​č​/​m​ě​s​í​c​;https://www.sreality.cz/detail/pronajem/byt/3+kk/zlin-zlin-vezove-domy/2053354316;14000.0;3+kk;62.0;Věžové domy, Zlín
Pronájem bytu 1+1 33 m²Pod Mlýnem, Zlín - Příluky;1​0​ ​0​0​0​ ​K​č​/​m​ě​s​í​c​;https://www.sreality.cz/detail/pronajem/byt/1+1/zlin-priluky-pod-mlynem/1664791372;10000.0;1+1;33.0;Pod Mlýnem, Zlín - Příluky
Pronájem bytu 1+kk 42 m²Březnická, Zlín;1​5​ ​5​0​0​ ​K​č​/​m​ě​s​í​c​;https://www.sreality.cz/detail/pronajem/byt/1+kk/zlin-zlin-breznicka/217887564;15500.0;1+kk;42.0;Březnická, Zlín
Pronájem bytu 2+kk 62 m²Kúty, Zlín;1​8​ ​9​0​0​ ​K​č​/​m​ě​s​í​c​;https://www.sreality.cz/detail/pronajem/byt/2+kk/zlin-zlin-kuty/1074008652;18900.0;2+kk;62.0;Kúty, Zlín
Pronájem bytu 1+kk 26 m²Holešovská, Fryšták;9​ ​0​0​0​ ​K​č​/​m​ě​s​í​c​;https://www.sreality.cz/detail/pronajem/byt/1+kk/frystak-frystak-holesovska/3423384396;9000.0;1+kk;26.0;Holešovská, Fryšták
Pronájem bytu 2+1 57 m²Kamenná, Zlín;1​3​ ​7​0​0​ ​K​č​/​m​ě​s​í​c​;https://www.sreality.cz/detail/pronajem/byt/2+1/zlin-zlin-kamenna/758952780;13700.0;2+1;57.0;Kamenná, Zlín
Pronájem bytu 1+kk 30 m²Kostelecká, Zlín - Štípa;9​ ​5​0​0​ ​K​č​/​m​ě​s​í​c​;https://www.sreality.cz/detail/pronajem/byt/1+kk/zlin-stipa-kostelecka/2638000972;9500.0;1+kk;30.0;Kostelecká, Zlín - Štípa
Pronájem bytu 4+kk 147 m²Vrchy, Zlín - Kudlov;3​5​ ​0​0​0​ ​K​č​/​m​ě​s​í​c​;https://www.sreality.cz/detail/pronajem/byt/4+kk/zlin-kudlov-vrchy/1114420044;35000.0;4+kk;147.0;Vrchy, Zlín - Kudlov
Pronájem bytu 1+kk 42 m²Březnická, Zlín;1​2​ ​0​0​0​ ​K​č​/​m​ě​s​í​c​;https://www.sreality.cz/detail/pronajem/byt/1+kk/zlin-zlin-breznicka/3217011532;12000.0;1+kk;42.0;Březnická, Zlín
Pronájem bytu 2+1 54 m²Dukelská, Zlín;1​7​ ​0​0​0​ ​K​č​/​m​ě​s​í​c​;https://www.sreality.cz/detail/pronajem/byt/2+1/zlin-zlin-dukelska/402633548;17000.0;2+1;54.0;Dukelská, Zlín
Pronájem bytu 3+kk 82 m²Úprkova, Luhačovice;2​0​ ​0​0​0​ ​K​č​/​m​ě​s​í​c​;https://www.sreality.cz/detail/pronajem/byt/3+kk/luhacovice-luhacovice-uprkova/1598010188;20000.0;3+kk;82.0;Úprkova, Luhačovice
Pronájem bytu 1+kk 28 m²B. Němcové, Zlín - Prštné;1​2​ ​2​0​0​ ​K​č​/​m​ě​s​í​c​;https://www.sreality.cz/detail/pronajem/byt/1+kk/zlin-prstne-b-nemcove/1974055756;12200.0;1+kk;28.0;B. Němcové, Zlín - Prštné
Pronájem bytu 3+1 74 m²Otrokovice;1​8​ ​0​0​0​ ​K​č​/​m​ě​s​í​c​;https://www.sreality.cz/detail/pronajem/byt/3+1/otrokovice-otrokovice-/685355852;18000.0;3+1;74.0;Otrokovice
Pronájem bytu 1+1 42 m²SNP, Otrokovice - Kvítkovice;1​3​ ​0​0​0​ ​K​č​/​m​ě​s​í​c​;https://www.sreality.cz/detail/pronajem/byt/1+1/otrokovice-kvitkovice-snp/3743904332;13000.0;1+1;42.0;SNP, Otrokovice - Kvítkovice
Pronájem bytu 4+1 88 m²Okružní, Zlín;2​5​ ​5​0​0​ ​K​č​/​m​ě​s​í​c​;https://www.sreality.cz/detail/pronajem/byt/4+1/zlin-zlin-okruzni/775029324;25500.0;4+1;88.0;Okružní, Zlín
Pronájem bytu 3+1 68 m²Benešovo nábřeží, Zlín;2​1​ ​5​0​0​ ​K​č​/​m​ě​s​í​c​;https://www.sreality.cz/detail/pronajem/byt/3+1/zlin-zlin-benesovo-nabrezi/690664268;21500.0;3+1;68.0;Benešovo nábřeží, Zlín
Pronájem bytu 2+1 55 m²M. Knesla, Zlín;1​2​ ​0​0​0​ ​K​č​/​m​ě​s​í​c​;https://www.sreality.cz/detail/pronajem/byt/2+1/zlin-zlin-m-knesla/2439689036;12000.0;2+1;55.0;M. Knesla, Zlín
Pronájem bytu 1+kk 25 m²K Majáku, Zlín;8​ ​0​0​0​ ​K​č​/​m​ě​s​í​c​;https://www.sreality.cz/detail/pronajem/byt/1+kk/zlin-zlin-k-majaku/1641788236;8000.0;1+kk;25.0;K Majáku, Zlín
Pronájem bytu 2+1 45 m²Čechova, Otrokovice;1​3​ ​0​0​0​ ​K​č​/​m​ě​s​í​c​;https://www.sreality.cz/detail/pronajem/byt/2+1/otrokovice-otrokovice-cechova/1197192012;13000.0;2+1;45.0;Čechova, Otrokovice
Pronájem bytu 3+1 73 m²Severní Vršava, Zlín;1​4​ ​0​0​0​ ​K​č​/​m​ě​s​í​c​;https://www.sreality.cz/detail/pronajem/byt/3+1/zlin-zlin-severni-vrsava/1749791564;14000.0;3+1;73.0;Severní Vršava, Zlín
Pronájem bytu 2+kk 58 m²Fügnerovo nábřeží, Zlín;1​8​ ​0​0​0​ ​K​č​/​m​ě​s​í​c​;https://www.sreality.cz/detail/pronajem/byt/2+kk/zlin-zlin-fugnerovo-nabrezi/1202995788;18000.0;2+kk;58.0;Fügnerovo nábřeží, Zlín
Pronájem bytu 2+1 66 m²Tylova, Otrokovice;1​6​ ​0​0​0​ ​K​č​/​m​ě​s​í​c​;https://www.sreality.cz/detail/pronajem/byt/2+1/otrokovice-otrokovice-tylova/3869524556;16000.0;2+1;66.0;Tylova, Otrokovice
Pronájem bytu 2+kk 52 m²Štefánikova, Zlín;2​3​ ​9​0​0​ ​K​č​/​m​ě​s​í​c​;https://www.sreality.cz/detail/pronajem/byt/2+kk/zlin-zlin-stefanikova/2143699532;23900.0;2+kk;52.0;Štefánikova, Zlín
Pronájem bytu 3+1 75 m²Družstevní, Luhačovice;1​5​ ​7​0​0​ ​K​č​/​m​ě​s​í​c​;https://www.sreality.cz/detail/pronajem/byt/3+1/luhacovice-luhacovice-druzstevni/2954248780;15700.0;3+1;75.0;Družstevní, Luhačovice
Pronájem bytu 1+kk 27 m²Dětská, Zlín;1​2​ ​0​0​0​ ​K​č​/​m​ě​s​í​c​;https://www.sreality.cz/detail/pronajem/byt/1+kk/zlin-zlin-detska/86393420;12000.0;1+kk;27.0;Dětská, Zlín
Pronájem bytu 1+kk 25 m²třída Tomáše Bati, Zlín;1​0​ ​0​0​0​ ​K​č​/​m​ě​s​í​c​;https://www.sreality.cz/detail/pronajem/byt/1+kk/zlin-zlin-trida-tomase-bati/354894412;10000.0;1+kk;25.0;třída Tomáše Bati, Zlín
Pronájem bytu 2+1 45 m²Na Honech II, Zlín;9​ ​8​0​0​ ​K​č​/​m​ě​s​í​c​;https://www.sreality.cz/detail/pronajem/byt/2+1/zlin-zlin-na-honech-ii/3782468172;9800.0;2+1;45.0;Na Honech II, Zlín
Pronájem bytu 1+kk 35 m²Družstevní, Zlín;1​2​ ​5​0​0​ ​K​č​/​m​ě​s​í​c​;https://www.sreality.cz/detail/pronajem/byt/1+kk/zlin-zlin-druzstevni/1254113868;12500.0;1+kk;35.0;Družstevní, Zlín
Pronájem bytu 2+1 70 m²Masarykovo náměstí, Valašské Klobouky;1​5​ ​4​5​0​ ​K​č​/​m​ě​s​í​c​;https://www.sreality.cz/detail/pronajem/byt/2+1/valasske-klobouky-valasske-klobouky-masarykovo-namesti/2166374988;15450.0;2+1;70.0;Masarykovo náměstí, Valašské Klobouky
Pronájem bytu 2+kk 51 m²Pasecká, Zlín;1​6​ ​0​0​0​ ​K​č​/​m​ě​s​í​c​;https://www.sreality.cz/detail/pronajem/byt/2+kk/zlin-zlin-pasecka/3080602188;16000.0;2+kk;51.0;Pasecká, Zlín
Pronájem bytu 2+1 57 m²Podvesná IV, Zlín;1​2​ ​5​0​0​ ​K​č​/​m​ě​s​í​c​;https://www.sreality.cz/detail/pronajem/byt/2+1/zlin-zlin-podvesna-iv/783434316;12500.0;2+1;57.0;Podvesná IV, Zlín
Pronájem bytu 3+kk 57 m²Komenského, Fryšták - Horní Ves;1​5​ ​0​0​0​ ​K​č​/​m​ě​s​í​c​;https://www.sreality.cz/detail/pronajem/byt/3+kk/frystak-horni-ves-komenskeho/549601868;15000.0;3+kk;57.0;Komenského, Fryšták - Horní Ves
Pronájem bytu 3+1 52 m²Mostní, Zlín;2​5​ ​0​0​0​ ​K​č​/​m​ě​s​í​c​;https://www.sreality.cz/detail/pronajem/byt/3+1/zlin-zlin-mostni/3403825740;25000.0;3+1;52.0;Mostní, Zlín
Pronájem bytu 1+kk 33 m²Kvítková, Zlín;1​3​ ​9​0​0​ ​K​č​/​m​ě​s​í​c​;https://www.sreality.cz/detail/pronajem/byt/1+kk/zlin-zlin-kvitkova/1620263500;13900.0;1+kk;33.0;Kvítková, Zlín
Pronájem bytu 1+1 46 m²Sokolská, Zlín;1​0​ ​3​0​0​ ​K​č​/​m​ě​s​í​c​;https://www.sreality.cz/detail/pronajem/byt/1+1/zlin-zlin-sokolska/719077964;10300.0;1+1;46.0;Sokolská, Zlín
Pronájem bytu 1+kk 30 m²Pančava, Zlín - Příluky;8​ ​0​0​0​ ​K​č​/​m​ě​s​í​c​;https://www.sreality.cz/detail/pronajem/byt/1+kk/zlin-priluky-pancava/1189888588;8000.0;1+kk;30.0;Pančava, Zlín - Příluky
Pronájem bytu 2+1 59 m²Družba, Brumov-Bylnice - Brumov;1​3​ ​0​0​0​ ​K​č​/​m​ě​s​í​c​;https://www.sreality.cz/detail/pronajem/byt/2+1/brumov-bylnice-brumov-druzba/3026010700;13000.0;2+1;59.0;Družba, Brumov-Bylnice - Brumov
Pronájem bytu 1+kk 33 m²Kvítková, Zlín;1​4​ ​9​0​0​ ​K​č​/​m​ě​s​í​c​;https://www.sreality.cz/detail/pronajem/byt/1+kk/zlin-zlin-kvitkova/3340595788;14900.0;1+kk;33.0;Kvítková, Zlín
Pronájem bytu 1+1 37 m²Mokrá I, Zlín - Mladcová;1​1​ ​0​0​0​ ​K​č​/​m​ě​s​í​c​;https://www.sreality.cz/detail/pronajem/byt/1+1/zlin-mladcova-mokra-i/3634451020;11000.0;1+1;37.0;Mokrá I, Zlín - Mladcová
Pronájem bytu 2+kk 34 m²Javorová, Zlín;1​0​ ​5​0​0​ ​K​č​/​m​ě​s​í​c​;https://www.sreality.cz/detail/pronajem/byt/2+kk/zlin-zlin-javorova/120472140;10500.0;2+kk;34.0;Javorová, Zlín
Pronájem bytu 2+1 56 m²Dlouhá, Zlín;1​6​ ​0​0​0​ ​K​č​/​m​ě​s​í​c​;https://www.sreality.cz/detail/pronajem/byt/2+1/zlin-zlin-dlouha/3058582092;16000.0;2+1;56.0;Dlouhá, Zlín
Pronájem bytu 3+kk 61 m²Moravní, Otrokovice;1​5​ ​5​0​0​ ​K​č​/​m​ě​s​í​c​;https://www.sreality.cz/detail/pronajem/byt/3+kk/otrokovice-otrokovice-moravni/1148076620;15500.0;3+kk;61.0;Moravní, Otrokovice
Pronájem bytu 3+kk 96 m²Dr. Veselého, Luhačovice;3​6​ ​0​0​0​ ​K​č​/​m​ě​s​í​c​;https://www.sreality.cz/detail/pronajem/byt/3+kk/luhacovice-luhacovice-dr-veseleho/3013558860;36000.0;3+kk;96.0;Dr. Veselého, Luhačovice
Pronájem bytu 2+kk 49 m²Osvoboditelů, Zlín;1​2​ ​0​0​0​ ​K​č​/​m​ě​s​í​c​;https://www.sreality.cz/detail/pronajem/byt/2+kk/zlin-zlin-osvoboditelu/3768533580;12000.0;2+kk;49.0;Osvoboditelů, Zlín
Pronájem bytu 3+1 72 m²Štefánikova, Zlín;1​4​ ​9​0​0​ ​K​č​/​m​ě​s​í​c​;https://www.sreality.cz/detail/pronajem/byt/3+1/zlin-zlin-stefanikova/2702131788;14900.0;3+1;72.0;Štefánikova, Zlín
Pronájem bytu 1+kk 30 m²Lorencova, Zlín;1​1​ ​0​0​0​ ​K​č​/​m​ě​s​í​c​;https://www.sreality.cz/detail/pronajem/byt/1+kk/zlin-zlin-lorencova/3647947340;11000.0;1+kk;30.0;Lorencova, Zlín
Pronájem bytu 3+kk 96 m²Nádražní, Luhačovice;C​e​n​a​ ​n​a​ ​v​y​ž​á​d​á​n​í​;https://www.sreality.cz/detail/pronajem/byt/3+kk/luhacovice-luhacovice-nadrazni/287916620;;3+kk;96.0;Nádražní, Luhačovice
Pronájem bytu 2+1 70 m²Padělky VI, Zlín;1​2​ ​0​0​0​ ​K​č​/​m​ě​s​í​c​;https://www.sreality.cz/detail/pronajem/byt/2+1/zlin-zlin-padelky-vi/2634695244;12000.0;2+1;70.0;Padělky VI, Zlín
Pronájem bytu 2+1 66 m²Fabiánka II, Zlín - Kudlov;1​3​ ​7​0​0​ ​K​č​/​m​ě​s​í​c​;https://www.sreality.cz/detail/pronajem/byt/2+1/zlin-kudlov-fabianka-ii/1993175628;13700.0;2+1;66.0;Fabiánka II, Zlín - Kudlov
Pronájem bytu 2+1 61 m²Nábřeží, Napajedla;1​1​ ​0​0​0​ ​K​č​/​m​ě​s​í​c​;https://www.sreality.cz/detail/pronajem/byt/2+1/napajedla-napajedla-nabrezi/3584913996;11000.0;2+1;61.0;Nábřeží, Napajedla
Pronájem bytu 4+1 77 m²Okružní, Zlín;25 500 Kč;https://www.sreality.cz/detail/pronajem/byt/4+1/zlin-zlin-okruzni/668226124;25500.0;4+1;77.0;Okružní, Zlín
Pronájem bytu 3+1 78 m²Masarykovo nám., Vizovice;1​5​ ​5​0​0​ ​K​č​/​m​ě​s​í​c​;https://www.sreality.cz/detail/pronajem/byt/3+1/vizovice-vizovice-masarykovo-nam/595612236;15500.0;3+1;78.0;Masarykovo nám., Vizovice
Pronájem bytu 1+kk 33 m²Kvítková, Zlín;1​9​ ​9​0​0​ ​K​č​/​m​ě​s​í​c​;https://www.sreality.cz/detail/pronajem/byt/1+kk/zlin-zlin-kvitkova/145838668;19900.0;1+kk;33.0;Kvítková, Zlín
Pronájem bytu 1+kk 33 m²Kvítková, Zlín;1​2​ ​0​0​0​ ​K​č​/​m​ě​s​í​c​;https://www.sreality.cz/detail/pronajem/byt/1+kk/zlin-zlin-kvitkova/3645023052;12000.0;1+kk;33.0;Kvítková, Zlín
Pronájem bytu 1+kk 26 m²Družstevní, Zlín;8​ ​0​0​0​ ​K​č​/​m​ě​s​í​c​;https://www.sreality.cz/detail/pronajem/byt/1+kk/zlin-zlin-druzstevni/214127180;8000.0;1+kk;26.0;Družstevní, Zlín
Pronájem bytu 1+1 39 m²Kúty, Zlín;9​ ​0​0​0​ ​K​č​/​m​ě​s​í​c​;https://www.sreality.cz/detail/pronajem/byt/1+1/zlin-zlin-kuty/2469614156;9000.0;1+1;39.0;Kúty, Zlín
Pronájem bytu 2+kk 54 m²Březnice;1​2​ ​9​0​0​ ​K​č​/​m​ě​s​í​c​;https://www.sreality.cz/detail/pronajem/byt/2+kk/breznice-breznice-/186470988;12900.0;2+kk;54.0;Březnice
Pronájem bytu 2+1 73 m²Přílucká, Zlín - Příluky;1​6​ ​0​0​0​ ​K​č​;https://www.sreality.cz/detail/pronajem/byt/2+1/zlin-priluky-prilucka/2926531148;16000.0;2+1;73.0;Přílucká, Zlín - Příluky
Pronájem bytu pokoje 28 m²Sokolská, Hvozdná;5​ ​0​0​0​ ​K​č​/​m​ě​s​í​c​;https://www.sreality.cz/detail/pronajem/byt/pokoj/hvozdna-hvozdna-sokolska/399069772;5000.0;;28.0;Sokolská, Hvozdná
Pronájem bytu pokoje 114 m²třída Tomáše Bati, Zlín;3​ ​7​0​8​ ​K​č​/​m​ě​s​í​c​;https://www.sreality.cz/detail/pronajem/byt/pokoj/zlin-zlin-trida-tomase-bati/3861402188;3708.0;;114.0;třída Tomáše Bati, Zlín
Pronájem bytu 3+kk 89 m²Kamenná, Zlín;2​0​ ​0​0​0​ ​K​č​/​m​ě​s​í​c​;https://www.sreality.cz/detail/pronajem/byt/3+kk/zlin-zlin-kamenna/1388991052;20000.0;3+kk;89.0;Kamenná, Zlín
Pronájem bytu 3+1 72 m²Podlesí III, Zlín;1​4​ ​0​0​0​ ​K​č​/​m​ě​s​í​c​;https://www.sreality.cz/detail/pronajem/byt/3+1/zlin-zlin-podlesi-iii/3906822732;14000.0;3+1;72.0;Podlesí III, Zlín
Pronájem bytu 2+kk 60 m²Zadní luhy, Zlín - Louky;1​4​ ​9​0​0​ ​K​č​/​m​ě​s​í​c​;https://www.sreality.cz/detail/pronajem/byt/2+kk/zlin-louky-zadni-luhy/963818316;14900.0;2+kk;60.0;Zadní luhy, Zlín - Louky
Pronájem bytu pokoje 21 m²Sokolská, Hvozdná;5​ ​0​0​0​ ​K​č​/​m​ě​s​í​c​;https://www.sreality.cz/detail/pronajem/byt/pokoj/hvozdna-hvozdna-sokolska/1665557068;5000.0;;21.0;Sokolská, Hvozdná
Pronájem bytu 1+kk 45 m²Smetanova, Zlín;1​3​ ​2​0​0​ ​K​č​/​m​ě​s​í​c​;https://www.sreality.cz/detail/pronajem/byt/1+kk/zlin-zlin-smetanova/2670748236;13200.0;1+kk;45.0;Smetanova, Zlín
Pronájem bytu 3+kk 12 m²třída 3. května, Zlín - Malenovice;6​ ​0​0​0​ ​K​č​/​m​ě​s​í​c​;https://www.sreality.cz/detail/pronajem/byt/3+kk/zlin-malenovice-trida-3-kvetna/2379965004;6000.0;3+kk;12.0;třída 3. května, Zlín - Malenovice
Pronájem bytu atypický 25 m²třída Tomáše Bati, Zlín;8​ ​5​0​0​ ​K​č​/​m​ě​s​í​c​;https://www.sreality.cz/detail/pronajem/byt/atypicky/zlin-zlin-trida-tomase-bati/1991406156;8500.0;;25.0;třída Tomáše Bati, Zlín
Pronájem bytu pokoje 21 m²tř. Spojenců, Otrokovice;8​ ​5​0​0​ ​K​č​/​m​ě​s​í​c​;https://www.sreality.cz/detail/pronajem/byt/pokoj/otrokovice-otrokovice-tr-spojencu/2953052748;8500.0;;21.0;tř. Spojenců, Otrokovice
Pronájem bytu pokoje 21 m²tř. Spojenců, Otrokovice;1​0​ ​5​0​0​ ​K​č​/​m​ě​s​í​c​;https://www.sreality.cz/detail/pronajem/byt/pokoj/otrokovice-otrokovice-tr-spojencu/84148812;10500.0;;21.0;tř. Spojenců, Otrokovice
Pronájem bytu pokoje 21 m²tř. Spojenců, Otrokovice;9​ ​5​0​0​ ​K​č​/​m​ě​s​í​c​;https://www.sreality.cz/detail/pronajem/byt/pokoj/otrokovice-otrokovice-tr-spojencu/3644064332;9500.0;;21.0;tř. Spojenců, Otrokovice
Pronájem bytu 1+1 33 m²Česká, Zlín;1​1​ ​5​0​0​ ​K​č​/​m​ě​s​í​c​;https://www.sreality.cz/detail/pronajem/byt/1+1/zlin-zlin-ceska/1908871756;11500.0;1+1;33.0;Česká, Zlín
Pronájem bytu pokoje 58 m²Benešovo nábřeží, Zlín;3​ ​8​0​0​ ​K​č​/​m​ě​s​í​c​;https://www.sreality.cz/detail/pronajem/byt/pokoj/zlin-zlin-benesovo-nabrezi/2667782732;3800.0;;58.0;Benešovo nábřeží, Zlín
Pronájem bytu pokoje 89 m²Česká, Zlín;3​ ​5​0​0​ ​K​č​/​m​ě​s​í​c​;https://www.sreality.cz/detail/pronajem/byt/pokoj/zlin-zlin-ceska/1236247372;3500.0;;89.0;Česká, Zlín
Pronájem bytu 2+kk 45 m²Zlín - Louky;1​2​ ​5​0​0​ ​K​č​/​m​ě​s​í​c​;https://www.sreality.cz/detail/pronajem/byt/2+kk/zlin-louky-/182441292;12500.0;2+kk;45.0;Zlín - Louky
Pronájem bytu 1+1 40 m²Racková;1​2​ ​0​0​0​ ​K​č​/​m​ě​s​í​c​;https://www.sreality.cz/detail/pronajem/byt/1+1/rackova-rackova-/1342734924;12000.0;1+1;40.0;Racková
Pronájem bytu 4+kk 100 m²Luhačovice;3​9​ ​9​0​0​ ​K​č​/​m​ě​s​í​c​;https://www.sreality.cz/detail/pronajem/byt/4+kk/luhacovice-luhacovice-/826365260;39900.0;4+kk;100.0;Luhačovice
